GridName,GridRows,GridColumns,NumOfAgents,NumOfObstacles,InstanceId,BranchingFactor,ObstacleDensity,AvgDistanceToGoal,MaxDistanceToGoal,MinDistanceToGoal,AvgStartDistances,AvgGoalDistances,PointsAtSPRatio,Sparsity,ICTS 3E +ID Success,ICTS 3E +ID Runtime,ICTS 3E +ID Solution Cost,ICTS 3E +ID Expanded,ICTS 3E +ID Generated,ICTS 3E +ID Max Group Size,ICTS 3E +ID Min Group Size,ICTS 3E +ID Max Group,ICTS 3E +ID Solution Depth,EPEA*+ID Success,EPEA*+ID Runtime,EPEA*+ID Solution Cost,EPEA*+ID Expanded,EPEA*+ID Generated,EPEA*+ID Max Group Size,EPEA*+ID Min Group Size,EPEA*+ID Max Group,EPEA*+ID Solution Depth,
warehouse-10-20-10-2-1,63,161,2,4444,1,25,0.4381347,109,120,98,14.66667,11.33333,0.02168984,0.000350938761186173,1,5779.1502,218,218,356,1,1,1,0,1,2756.9011,218,218,356,1,1,1,0,
warehouse-10-20-10-2-1,63,161,3,4444,1,125,0.4381347,95.6666666666667,120,69,33,38.33333,0.02415459,0.000526408141779259,1,4736.5934,287,287,443,1,1,1,0,1,3220.58,287,287,443,1,1,1,0,
warehouse-10-20-10-2-1,63,161,4,4444,1,625,0.4381347,111.5,159,69,44,58.8,0.03973183,0.000701877522372346,1,4108.7861,446,446,719,1,1,1,0,1,3803.6693,446,446,719,1,1,1,0,
warehouse-10-20-10-2-1,63,161,5,4444,1,3125,0.4381347,91.2,159,10,45.2,57.73333,0.04081633,0.000877346902965433,1,7068.4831,456,456,750,1,1,1,0,1,9186.8889,456,456,750,1,1,1,0,
warehouse-10-20-10-2-1,63,161,6,4444,1,15625,0.4381347,80.5,159,10,55.09524,63.71429,0.04347826,0.00105281628355852,1,12053.2419,483,483,806,1,1,1,0,1,5862.49329999999,483,483,806,1,1,1,0,
warehouse-10-20-10-2-1,63,161,7,4444,1,78125,0.4381347,81.1428571428571,159,10,55.21429,65.28571,0.05195701,0.00122828566415161,1,12576.9882,568,568,945,1,1,1,0,1,6410.56,568,568,945,1,1,1,0,
warehouse-10-20-10-2-1,63,161,8,4444,1,390625,0.4381347,92.75,174,10,61.55556,66.16666,0.06881593,0.00140375504474469,1,9377.0555,742,742,1265,1,1,1,0,1,6385.16840000001,742,742,1265,1,1,1,0,
